id,이름,레벨,hp,atk,실제 값,def,spd,crit,exp,골드,이동,속성,보스,정예,전투크기,분노,필드그림,전투그림,등장대사,쓰러질때,기타
,"↓ 칸 설명 (이 줄은 게임이 읽지 않습니다. 지워도 되고, 그대로 둬도 됩니다)",화면에 뜨는 숫자 = 이 레벨 + 땅 보정,체력,공격력,[자동] 왼쪽 공격력에 그 땅의 보정을 곱한 **싸움에서 만나는 값**. 적어도 소용없습니다,방어력,속도(선공 순서),치명타 확률 0~1,잡으면 주는 경험치,잡으면 주는 골드,chase=쫓아옴 / wander=어슬렁 / still=가만히,magic 이면 공격이 통째로 마법 — 상대의 마법 저항(지능)이 깎는다. 비우면 물리,예/아니오,예/아니오,"[보기용] 전투 화면에서 그림을 몇 배로 그릴지. 1=보통, 2.1=두 배 조금 넘게. 싸움 계산에는 안 걸린다",[싸움] 제 차례에 한 대 칠 때마다 공격력이 이만큼씩 곱으로 붙는다. 0.1=1.1배씩(10대째 2.36배). 비우면 0,들판 그림 이름,전투 그림 이름,보스가 나타날 때 한 줄,보스가 쓰러질 때 한 줄,표로 못 펴는 값(JSON). 건드리지 마세요
slime,슬라임,1,44,24,"→ 실전 32~41 (×1.3~1.7 · 2곳, 가장 센 곳은 2단계 · 바람 언덕)",7,6,0.03,9,6,wander,,아니오,아니오,,,mon_slime_field,mon_slime_battle,,,
bat,동굴 박쥐,3,51,25,"→ 실전 37~43 (×1.5~1.7 · 2곳, 가장 센 곳은 2단계 · 바람 언덕)",6,13,0.12,12,11,chase,,아니오,아니오,,,mon_bat_field,mon_bat_battle,,,
mushroom,성난 버섯,9,75,17,"→ 실전 57~87 (×3.3~5.1 · 2곳, 가장 센 곳은 5단계 · 무너진 초소)",11,5,0.04,15,22,wander,,아니오,아니오,,,mon_mushroom_field,mon_mushroom_battle,,,
wolf,잿빛 늑대,6,99,29,"→ 실전 43~97 (×1.5~3.3 · 2곳, 가장 센 곳은 4단계 · 잿빛 숲)",13,17,0.14,22,34,chase,,아니오,아니오,,,mon_wolf_field,mon_wolf_battle,,,
imp,꼬마 악마,13,118,36,"→ 실전 185~295 (×5.1~8.2 · 2곳, 가장 센 곳은 6단계 · 붉은 황야)",18,15,0.1,36,52,chase,magic,아니오,아니오,,,mon_imp_field,mon_imp_battle,,,
skeleton,해골 병사,17,168,50,"→ 실전 366~460 (×7.3~9.2 · 4곳, 가장 센 곳은 7단계 · 뼈의 들판)",30,12,0.08,58,84,wander,,아니오,아니오,,,mon_skeleton_field,mon_skeleton_battle,,,
demon_soldier,악마 병사,21,260,78,"→ 실전 570~743 (×7.3~9.5 · 3곳, 가장 센 곳은 10단계 · 심연의 관문)",46,18,0.12,72,150,chase,,아니오,아니오,,,mon_demon_soldier_field,mon_demon_soldier_battle,,,
imp_captain,악마 정찰대장,15,150,45,→ 실전 231 (×5.1 · 5단계 · 무너진 초소),28,14,0.16,433,749,wander,magic,예,아니오,1.15,,mon_imp_captain_field,mon_imp_captain_battle,여기서 더는 못 간다.,겨우… 정찰대장 하나에…,
demon_general,악마 장군 발가르,30,464,95,→ 실전 904 (×9.5 · 10단계 · 심연의 관문),55,20,0.18,1056,2816,chase,magic,예,아니오,1.25,,mon_demon_general_field,mon_demon_general_battle,네 이름을 기억해 두마. 짧게 쓸 이름이지만.,장군의 목이… 이렇게 가벼웠나…,
elite_slime,강화된 슬라임,31,3200,300,"→ 실전 1,279~1,296 (×4.3~4.3 · 2곳, 가장 센 곳은 12단계 · 무너진 바람 언덕)",150,16.2,0.06,420,130,wander,,아니오,예,,,mon_slime_field,mon_slime_battle,,,
elite_bat,강화된 동굴 박쥐,33,3300,315,"→ 실전 1,224~1,361 (×3.9~4.3 · 2곳, 가장 센 곳은 12단계 · 무너진 바람 언덕)",155,35.1,0.15,630,240,chase,,아니오,예,,,mon_bat_field,mon_bat_battle,,,
elite_mushroom,강화된 성난 버섯,39,3600,340,"→ 실전 1,370~1,637 (×4~4.8 · 2곳, 가장 센 곳은 15단계 · 되세워진 초소)",168,13.5,0.07,700,480,wander,,아니오,예,,,mon_mushroom_field,mon_mushroom_battle,,,
elite_wolf,강화된 잿빛 늑대,36,3800,360,"→ 실전 1,399~1,451 (×3.9~4 · 2곳, 가장 센 곳은 14단계 · 재의 숲)",178,45.9,0.17,790,750,chase,,아니오,예,,,mon_wolf_field,mon_wolf_battle,,,
elite_imp,강화된 꼬마 악마,42,3950,380,"→ 실전 1,829~2,989 (×4.8~7.9 · 2곳, 가장 센 곳은 16단계 · 피에 젖은 황야)",186,40.5,0.13,820,1140,chase,magic,아니오,예,,,mon_imp_field,mon_imp_battle,,,
elite_skeleton,강화된 해골 병사,45,4200,405,"→ 실전 3,185~4,834 (×7.9~11.9 · 5곳, 가장 센 곳은 지하감옥 1층 · 무너진 감방)",198,32.4,0.11,1190,1850,wander,,아니오,예,,,mon_skeleton_field,mon_skeleton_battle,,,
elite_demon_soldier,강화된 악마 병사,48,4500,435,"→ 실전 3,447~6,216 (×7.9~14.3 · 5곳, 가장 센 곳은 지하감옥 2층 · 물 고인 복도)",212,48.6,0.15,1500,3300,chase,,아니오,예,,,mon_demon_soldier_field,mon_demon_soldier_battle,,,
elite_imp_captain,강화된 악마 정찰대장,44,4996,460,"→ 실전 2,214 (×4.8 · 15단계 · 되세워진 초소)",220,17.67,0.2,8928,15550,wander,magic,아니오,예,1.15,,mon_imp_captain_field,mon_imp_captain_battle,또 너냐. 이번엔 놓치지 않는다.,두 번은 안 진다고… 했는데…,
elite_demon_general,강화된 악마 장군 발가르,66,7421,500,"→ 실전 4,557 (×9.1 · 20단계 · 심연 너머)",260,21.63,0.24,46728,71508,chase,magic,아니오,예,1.25,,mon_demon_general_field,mon_demon_general_battle,성문 너머는 네가 걸을 땅이 아니다.,문이… 열리는구나…,
dungeon_wraith,지하의 망령,62,9200,510,"→ 실전 7,287~9,018 (×14.3~17.7 · 2곳, 가장 센 곳은 지하감옥 3층 · 석상의 방)",150,110,0.22,2600,2200,chase,magic,아니오,예,,,mon_skeleton_field,mon_skeleton_battle,,,
dungeon_golem,감옥 석상,70,11000,300,"→ 실전 3,778~5,583 (×12.6~18.6 · 3곳, 가장 센 곳은 지하감옥 5층 · 주인의 자리)",280,80,0.35,4800,3800,wander,,아니오,예,1.2,,mon_demon_soldier_field,mon_demon_soldier_battle,,,
dungeon_general,봉인된 장군 발가르,73,12000,450,"→ 실전 5,666 (×12.6 · 지하감옥 4층 · 봉인된 층)",320,100,0.25,7200,6000,chase,magic,아니오,예,1.4,0.05,mon_demon_general_field,mon_demon_general_battle,봉인이 풀린 건 네 덕이다. 값은 치러야지.,다시… 어둠으로…,
dungeon_lord,감옥의 주인,75,20000,500,"→ 실전 9,305 (×18.6 · 지하감옥 5층 · 주인의 자리)",650,170,0.28,134520,106200,chase,magic,예,아니오,1.45,,mon_demon_general_field,mon_demon_general_battle,내려온 자는 많았다. 올라간 자는 없었고.,올라가라. 위에서 무엇을 볼지는… 모르지만.,
great_dragon,고룡 카르나크,99,700000,12000,"→ 실전 12,000 (보정 없음 · 서쪽 절벽 들판)",1200,150,0.3,400000,300000,chase,magic,예,아니오,2.1,0.1,mon_great_dragon_field,mon_great_dragon_battle,작은 것이 왔구나. 숨 한 번이면 될 것을.,…재미있었다. 오랜만에.,
elder_dragon,잠겨 있던 용 아그라모스,110,1500000,16000,"→ 실전 16,000 (보정 없음 · 고룡의 둥지)",800,40,0.1,1200000,15000000,chase,magic,예,아니오,2.3,0.02,mon_elder_dragon_field,mon_elder_dragon_battle,천 년을 갇혀 있었다. 문을 연 값을 받아야겠다.,문을 연 것도 너였고… 닫는 것도 너로구나…,
